Burgundy 150,California 50,Champagne 50,Italy 100,Liv-ex Bordeaux 500,Liv-ex Fine Wine 100,Liv-ex Fine Wine 1000,Liv-ex Fine Wine 50,Port 50,Rest of the World 60,Rhone 100,created_at,updated_at,date,load_ts
609.94,293.85,496.7,346.81,277.0,319.8,350.9,290.89,151.67,270.0,175.12,2026-02-03 13:24:04.886658+00,2026-02-03 13:24:04.886658+00,2026-01-31,2026-03-05 05:09:35.142509+00
,,,,,,,290.82,,,,2026-03-03 10:22:16.082144+00,2026-03-03 10:22:16.082144+00,2026-02-27,2026-03-05 05:09:35.142509+00
608.14,294.04,499.56,347.45,277.6,321.33,351.03,291.81,151.1,269.99,174.86,2026-03-03 12:48:11.923332+00,2026-03-03 12:48:11.923332+00,2026-02-28,2026-03-05 05:09:35.142509+00
,,,,,,,88.9,,,,2026-01-07 11:06:26.836831+00,2026-01-07 11:14:22.585679+00,1999-12-31,2026-03-05 05:09:35.142509+00
,,,,,,,86.88,,,,2026-01-07 11:06:26.836831+00,2026-01-07 11:14:22.585679+00,2000-01-31,2026-03-05 05:09:35.142509+00
,,,,,,,88.37,,,,2026-01-07 11:06:26.836831+00,2026-01-07 11:14:22.585679+00,2000-02-29,2026-03-05 05:09:35.142509+00
,,,,,,,88.54,,,,2026-01-07 11:06:26.836831+00,2026-01-07 11:14:22.585679+00,2000-03-31,2026-03-05 05:09:35.142509+00
,,,,,,,91.07,,,,2026-01-07 11:06:26.836831+00,2026-01-07 11:14:22.585679+00,2000-04-30,2026-03-05 05:09:35.142509+00
,,,,,,,92.25,,,,2026-01-07 11:06:26.836831+00,2026-01-07 11:14:22.585679+00,2000-05-31,2026-03-05 05:09:35.142509+00
,,,,,,,91.3,,,,2026-01-07 11:06:26.836831+00,2026-01-07 11:14:22.585679+00,2000-06-30,2026-03-05 05:09:35.142509+00
,,,,,,,92.89,,,,2026-01-07 11:06:26.836831+00,2026-01-07 11:14:22.585679+00,2000-07-31,2026-03-05 05:09:35.142509+00
,,,,,,,92.89,,,,2026-01-07 11:06:26.836831+00,2026-01-07 11:14:22.585679+00,2000-08-31,2026-03-05 05:09:35.142509+00
,,,,,,,93.69,,,,2026-01-07 11:06:26.836831+00,2026-01-07 11:14:22.585679+00,2000-09-30,2026-03-05 05:09:35.142509+00
,,,,,,,96.52,,,,2026-01-07 11:06:26.836831+00,2026-01-07 11:14:22.585679+00,2000-10-31,2026-03-05 05:09:35.142509+00
,,,,,,,98.49,,,,2026-01-07 11:06:26.836831+00,2026-01-07 11:14:22.585679+00,2000-11-30,2026-03-05 05:09:35.142509+00
,,,,,,,98.66,,,,2026-01-07 11:06:26.836831+00,2026-01-07 11:14:22.585679+00,2000-12-31,2026-03-05 05:09:35.142509+00
,,,,,,,98.89,,,,2026-01-07 11:06:26.836831+00,2026-01-07 11:14:22.585679+00,2001-01-31,2026-03-05 05:09:35.142509+00
,,,,,,,98.83,,,,2026-01-07 11:06:26.836831+00,2026-01-07 11:14:22.585679+00,2001-02-28,2026-03-05 05:09:35.142509+00
,,,,,,,100.52,,,,2026-01-07 11:06:26.836831+00,2026-01-07 11:14:22.585679+00,2001-03-31,2026-03-05 05:09:35.142509+00
,,,,,,,102.2,,,,2026-01-07 11:06:26.836831+00,2026-01-07 11:14:22.585679+00,2001-04-30,2026-03-05 05:09:35.142509+00
,,,,,,,100.18,,,,2026-01-07 11:06:26.836831+00,2026-01-07 11:14:22.585679+00,2001-05-31,2026-03-05 05:09:35.142509+00
,,,,,,,102.45,,,,2026-01-07 11:06:26.836831+00,2026-01-07 11:14:22.585679+00,2001-06-30,2026-03-05 05:09:35.142509+00
,,,,,93.49,,99.75,,,,2026-01-07 11:06:26.836831+00,2026-01-07 11:14:22.585679+00,2001-07-31,2026-03-05 05:09:35.142509+00
,,,,,94.72,,101.73,,,,2026-01-07 11:06:26.836831+00,2026-01-07 11:14:22.585679+00,2001-08-31,2026-03-05 05:09:35.142509+00
,,,,,94.28,,103.0,,,,2026-01-07 11:06:26.836831+00,2026-01-07 11:14:22.585679+00,2001-09-30,2026-03-05 05:09:35.142509+00
,,,,,94.54,,100.88,,,,2026-01-07 11:06:26.836831+00,2026-01-07 11:14:22.585679+00,2001-10-31,2026-03-05 05:09:35.142509+00
,,,,,,,361.61,,,,2026-01-07 11:06:26.836831+00,2026-01-07 11:14:22.585679+00,2023-09-29,2026-03-05 05:09:35.142509+00
,,,,,94.77,,102.36,,,,2026-01-07 11:06:26.836831+00,2026-01-07 11:14:22.585679+00,2001-11-30,2026-03-05 05:09:35.142509+00
,,,,,94.77,,102.73,,,,2026-01-07 11:06:26.836831+00,2026-01-07 11:14:22.585679+00,2001-12-31,2026-03-05 05:09:35.142509+00
,,,,,95.35,,103.79,,,,2026-01-07 11:06:26.836831+00,2026-01-07 11:14:22.585679+00,2002-01-31,2026-03-05 05:09:35.142509+00
,,,,,96.76,,105.83,,,,2026-01-07 11:06:26.836831+00,2026-01-07 11:14:22.585679+00,2002-02-28,2026-03-05 05:09:35.142509+00
,,,,,99.36,,106.0,,,,2026-01-07 11:06:26.836831+00,2026-01-07 11:14:22.585679+00,2002-03-31,2026-03-05 05:09:35.142509+00
,,,,,97.63,,102.64,,,,2026-01-07 11:06:26.836831+00,2026-01-07 11:14:22.585679+00,2002-04-30,2026-03-05 05:09:35.142509+00
,,,,,100.43,,104.49,,,,2026-01-07 11:06:26.836831+00,2026-01-07 11:14:22.585679+00,2002-05-31,2026-03-05 05:09:35.142509+00
,,,,,101.64,,106.85,,,,2026-01-07 11:06:26.836831+00,2026-01-07 11:14:22.585679+00,2002-06-30,2026-03-05 05:09:35.142509+00
,,,,,102.42,,107.51,,,,2026-01-07 11:06:26.836831+00,2026-01-07 11:14:22.585679+00,2002-07-31,2026-03-05 05:09:35.142509+00
,,,,,101.76,,106.42,,,,2026-01-07 11:06:26.836831+00,2026-01-07 11:14:22.585679+00,2002-08-31,2026-03-05 05:09:35.142509+00
,,,,,97.95,,101.65,,,,2026-01-07 11:06:26.836831+00,2026-01-07 11:14:22.585679+00,2002-09-30,2026-03-05 05:09:35.142509+00
,,,,,98.19,,100.83,,,,2026-01-07 11:06:26.836831+00,2026-01-07 11:14:22.585679+00,2002-10-31,2026-03-05 05:09:35.142509+00
,,,,,96.41,,99.19,,,,2026-01-07 11:06:26.836831+00,2026-01-07 11:14:22.585679+00,2002-11-30,2026-03-05 05:09:35.142509+00
,,,,,98.91,,99.6,,,,2026-01-07 11:06:26.836831+00,2026-01-07 11:14:22.585679+00,2002-12-31,2026-03-05 05:09:35.142509+00
,,,,,92.91,,97.59,,,,2026-01-07 11:06:26.836831+00,2026-01-07 11:14:22.585679+00,2003-01-31,2026-03-05 05:09:35.142509+00
,,,,,92.29,,97.99,,,,2026-01-07 11:06:26.836831+00,2026-01-07 11:14:22.585679+00,2003-02-28,2026-03-05 05:09:35.142509+00
,,,,,95.33,,97.58,,,,2026-01-07 11:06:26.836831+00,2026-01-07 11:14:22.585679+00,2003-03-31,2026-03-05 05:09:35.142509+00
,,,,,95.99,,97.95,,,,2026-01-07 11:06:26.836831+00,2026-01-07 11:14:22.585679+00,2003-04-30,2026-03-05 05:09:35.142509+00
,,,,,97.18,,95.53,,,,2026-01-07 11:06:26.836831+00,2026-01-07 11:14:22.585679+00,2003-05-31,2026-03-05 05:09:35.142509+00
,,,,,97.16,,96.73,,,,2026-01-07 11:06:26.836831+00,2026-01-07 11:14:22.585679+00,2003-06-30,2026-03-05 05:09:35.142509+00
,,,,,98.35,,99.67,,,,2026-01-07 11:06:26.836831+00,2026-01-07 11:14:22.585679+00,2003-07-31,2026-03-05 05:09:35.142509+00
,,,,,98.6,,98.46,,,,2026-01-07 11:06:26.836831+00,2026-01-07 11:14:22.585679+00,2003-08-31,2026-03-05 05:09:35.142509+00
,,,,,97.14,,96.69,,,,2026-01-07 11:06:26.836831+00,2026-01-07 11:14:22.585679+00,2003-09-30,2026-03-05 05:09:35.142509+00
,,,,,98.35,,98.06,,,,2026-01-07 11:06:26.836831+00,2026-01-07 11:14:22.585679+00,2003-10-31,2026-03-05 05:09:35.142509+00
,,,,,98.31,,98.07,,,,2026-01-07 11:06:26.836831+00,2026-01-07 11:14:22.585679+00,2003-11-30,2026-03-05 05:09:35.142509+00
100.0,100.0,100.0,100.0,100.0,100.0,100.0,100.0,,100.0,100.0,2026-01-07 11:06:26.836831+00,2026-01-07 11:14:22.585679+00,2003-12-31,2026-03-05 05:09:35.142509+00
101.75,100.3,101.75,99.51,98.79,100.41,100.07,98.68,,96.15,101.38,2026-01-07 11:06:26.836831+00,2026-01-07 11:14:22.585679+00,2004-01-31,2026-03-05 05:09:35.142509+00
100.17,100.5,103.12,99.41,98.32,100.03,99.27,98.53,,94.49,97.12,2026-01-07 11:06:26.836831+00,2026-01-07 11:14:22.585679+00,2004-02-29,2026-03-05 05:09:35.142509+00
102.36,100.6,102.03,99.88,100.25,99.62,100.55,99.48,,96.82,100.36,2026-01-07 11:06:26.836831+00,2026-01-07 11:14:22.585679+00,2004-03-31,2026-03-05 05:09:35.142509+00
103.26,99.1,102.84,99.08,100.38,98.4,101.03,97.62,,96.34,100.93,2026-01-07 11:06:26.836831+00,2026-01-07 11:14:22.585679+00,2004-04-30,2026-03-05 05:09:35.142509+00
102.49,98.8,104.29,99.64,99.38,98.02,100.58,97.29,,96.92,99.96,2026-01-07 11:06:26.836831+00,2026-01-07 11:14:22.585679+00,2004-05-31,2026-03-05 05:09:35.142509+00
100.91,99.2,105.2,101.32,100.15,99.81,101.23,98.77,,97.53,101.2,2026-01-07 11:06:26.836831+00,2026-01-07 11:14:22.585679+00,2004-06-30,2026-03-05 05:09:35.142509+00
99.98,95.4,105.87,100.12,100.9,97.56,100.78,96.45,,96.47,100.87,2026-01-07 11:06:26.836831+00,2026-01-07 11:14:22.585679+00,2004-07-31,2026-03-05 05:09:35.142509+00
104.9,95.4,104.29,100.18,100.96,97.12,101.4,97.69,,95.85,102.0,2026-01-07 11:06:26.836831+00,2026-01-07 11:14:22.585679+00,2004-08-31,2026-03-05 05:09:35.142509+00
106.19,95.3,106.55,99.68,100.74,96.97,101.37,97.56,,96.16,100.57,2026-01-07 11:06:26.836831+00,2026-01-07 11:14:22.585679+00,2004-09-30,2026-03-05 05:09:35.142509+00
104.62,95.7,111.07,99.35,99.69,97.03,100.74,97.75,,95.53,102.04,2026-01-07 11:06:26.836831+00,2026-01-07 11:14:22.585679+00,2004-10-31,2026-03-05 05:09:35.142509+00
106.31,99.4,112.33,98.98,101.9,96.46,102.44,97.13,,99.25,102.22,2026-01-07 11:06:26.836831+00,2026-01-07 11:14:22.585679+00,2004-11-30,2026-03-05 05:09:35.142509+00
108.17,99.8,113.88,98.22,102.96,97.87,103.41,98.65,,98.62,104.75,2026-01-07 11:06:26.836831+00,2026-01-07 11:14:22.585679+00,2004-12-31,2026-03-05 05:09:35.142509+00
106.64,109.8,117.36,108.93,104.63,97.87,105.14,100.13,,103.16,103.47,2026-01-07 11:06:26.836831+00,2026-01-07 11:14:22.585679+00,2005-01-31,2026-03-05 05:09:35.142509+00
107.52,105.5,117.18,109.81,103.53,98.91,104.61,100.95,,102.28,103.48,2026-01-07 11:06:26.836831+00,2026-01-07 11:14:22.585679+00,2005-02-28,2026-03-05 05:09:35.142509+00
106.21,110.6,120.99,107.03,101.96,99.93,103.89,99.16,,99.61,103.81,2026-01-07 11:06:26.836831+00,2026-01-07 11:14:22.585679+00,2005-03-31,2026-03-05 05:09:35.142509+00
105.59,108.8,120.57,108.07,104.54,100.53,105.6,99.6,,102.66,105.05,2026-01-07 11:06:26.836831+00,2026-01-07 11:14:22.585679+00,2005-04-30,2026-03-05 05:09:35.142509+00
105.62,109.5,120.85,107.16,104.27,101.4,105.3,99.97,,99.11,103.57,2026-01-07 11:06:26.836831+00,2026-01-07 11:14:22.585679+00,2005-05-31,2026-03-05 05:09:35.142509+00
106.48,107.3,122.5,104.95,103.46,101.08,105.25,99.49,,101.91,104.77,2026-01-07 11:06:26.836831+00,2026-01-07 11:14:22.585679+00,2005-06-30,2026-03-05 05:09:35.142509+00
105.76,107.4,120.62,106.49,103.93,102.19,105.33,100.06,,98.88,105.19,2026-01-07 11:06:26.836831+00,2026-01-07 11:14:22.585679+00,2005-07-31,2026-03-05 05:09:35.142509+00
103.69,106.6,120.44,104.83,105.01,105.45,105.93,102.38,,99.48,101.8,2026-01-07 11:06:26.836831+00,2026-01-07 11:14:22.585679+00,2005-08-31,2026-03-05 05:09:35.142509+00
109.28,99.1,125.53,115.12,107.05,106.12,109.32,104.39,,100.59,103.94,2026-01-07 11:06:26.836831+00,2026-01-07 11:14:22.585679+00,2005-09-30,2026-03-05 05:09:35.142509+00
110.41,99.0,125.67,114.15,107.83,111.88,110.78,106.86,,99.23,104.48,2026-01-07 11:06:26.836831+00,2026-01-07 11:14:22.585679+00,2005-10-31,2026-03-05 05:09:35.142509+00
108.15,102.7,126.32,112.18,109.91,114.18,112.14,108.29,,103.81,104.73,2026-01-07 11:06:26.836831+00,2026-01-07 11:14:22.585679+00,2005-11-30,2026-03-05 05:09:35.142509+00
109.57,102.9,128.41,111.97,110.45,115.09,112.38,108.34,,104.43,104.88,2026-01-07 11:06:26.836831+00,2026-01-07 11:14:22.585679+00,2005-12-31,2026-03-05 05:09:35.142509+00
108.11,104.8,129.31,110.48,113.12,118.28,114.97,111.52,,103.38,104.89,2026-01-07 11:06:26.836831+00,2026-01-07 11:14:22.585679+00,2006-01-31,2026-03-05 05:09:35.142509+00
108.4,106.2,130.18,110.04,115.43,122.48,117.03,114.12,,101.41,104.8,2026-01-07 11:06:26.836831+00,2026-01-07 11:14:22.585679+00,2006-02-28,2026-03-05 05:09:35.142509+00
111.81,101.8,131.63,111.77,115.0,127.38,118.43,116.61,,103.19,107.05,2026-01-07 11:06:26.836831+00,2026-01-07 11:14:22.585679+00,2006-03-31,2026-03-05 05:09:35.142509+00
113.51,103.5,132.18,113.77,119.59,132.72,121.74,120.67,,101.73,108.02,2026-01-07 11:06:26.836831+00,2026-01-07 11:14:22.585679+00,2006-04-30,2026-03-05 05:09:35.142509+00
115.9,105.1,136.15,112.8,122.51,141.42,125.28,128.83,,102.08,106.93,2026-01-07 11:06:26.836831+00,2026-01-07 11:14:22.585679+00,2006-05-31,2026-03-05 05:09:35.142509+00
115.37,103.5,135.98,113.71,127.7,154.87,128.71,143.82,,101.61,109.19,2026-01-07 11:06:26.836831+00,2026-01-07 11:14:22.585679+00,2006-06-30,2026-03-05 05:09:35.142509+00
119.04,101.1,137.13,113.84,134.57,161.94,133.88,149.31,,103.24,107.96,2026-01-07 11:06:26.836831+00,2026-01-07 11:14:22.585679+00,2006-07-31,2026-03-05 05:09:35.142509+00
122.4,111.7,140.34,115.72,134.84,164.23,135.75,150.73,,104.9,109.68,2026-01-07 11:06:26.836831+00,2026-01-07 11:14:22.585679+00,2006-08-31,2026-03-05 05:09:35.142509+00
123.22,112.7,141.31,115.94,136.81,161.63,137.13,151.59,,105.18,112.08,2026-01-07 11:06:26.836831+00,2026-01-07 11:14:22.585679+00,2006-09-30,2026-03-05 05:09:35.142509+00
126.75,115.2,149.62,114.14,140.68,165.45,140.71,154.72,,105.19,115.29,2026-01-07 11:06:26.836831+00,2026-01-07 11:14:22.585679+00,2006-10-31,2026-03-05 05:09:35.142509+00
129.18,115.1,150.97,118.11,140.49,168.35,142.11,159.11,,107.63,111.88,2026-01-07 11:06:26.836831+00,2026-01-07 11:14:22.585679+00,2006-11-30,2026-03-05 05:09:35.142509+00
132.13,115.7,152.24,117.75,145.57,172.27,145.38,163.61,,110.48,113.88,2026-01-07 11:06:26.836831+00,2026-01-07 11:14:22.585679+00,2006-12-31,2026-03-05 05:09:35.142509+00
130.39,112.9,151.53,116.78,148.57,175.91,147.29,165.51,,109.28,113.54,2026-01-07 11:06:26.836831+00,2026-01-07 11:14:22.585679+00,2007-01-31,2026-03-05 05:09:35.142509+00
135.29,117.3,153.11,119.58,152.57,181.12,151.77,170.65,,113.18,118.5,2026-01-07 11:06:26.836831+00,2026-01-07 11:14:22.585679+00,2007-02-28,2026-03-05 05:09:35.142509+00
137.66,114.0,155.32,120.73,157.42,191.11,155.7,183.16,,117.02,116.96,2026-01-07 11:06:26.836831+00,2026-01-07 11:14:22.585679+00,2007-03-31,2026-03-05 05:09:35.142509+00
140.69,110.8,161.43,120.08,164.91,208.78,162.54,199.09,,118.77,118.33,2026-01-07 11:06:26.836831+00,2026-01-07 11:14:22.585679+00,2007-04-30,2026-03-05 05:09:35.142509+00
145.05,112.5,169.54,124.75,174.75,232.68,172.23,224.91,,119.16,119.09,2026-01-07 11:06:26.836831+00,2026-01-07 11:14:22.585679+00,2007-05-31,2026-03-05 05:09:35.142509+00
148.7,114.8,172.37,123.5,181.95,245.21,177.47,241.4,,117.73,117.58,2026-01-07 11:06:26.836831+00,2026-01-07 11:14:22.585679+00,2007-06-30,2026-03-05 05:09:35.142509+00
151.75,114.9,172.51,124.56,192.09,249.55,183.27,258.42,,118.45,119.34,2026-01-07 11:06:26.836831+00,2026-01-07 11:14:22.585679+00,2007-07-31,2026-03-05 05:09:35.142509+00
153.68,117.5,177.01,124.73,193.98,246.9,183.69,255.94,,117.53,120.34,2026-01-07 11:06:26.836831+00,2026-01-07 11:14:22.585679+00,2007-08-31,2026-03-05 05:09:35.142509+00
156.95,115.6,182.76,126.83,193.36,243.47,184.34,249.1,,118.0,121.05,2026-01-07 11:06:26.836831+00,2026-01-07 11:14:22.585679+00,2007-09-30,2026-03-05 05:09:35.142509+00
156.8,114.7,182.33,128.72,190.51,240.95,182.98,245.0,,114.53,121.42,2026-01-07 11:06:26.836831+00,2026-01-07 11:14:22.585679+00,2007-10-31,2026-03-05 05:09:35.142509+00
165.47,113.0,186.86,130.01,191.62,239.53,185.07,244.99,,121.87,125.41,2026-01-07 11:06:26.836831+00,2026-01-07 11:14:22.585679+00,2007-11-30,2026-03-05 05:09:35.142509+00
170.07,113.8,192.58,130.92,193.79,241.52,186.78,246.12,,124.14,126.39,2026-01-07 11:06:26.836831+00,2026-01-07 11:14:22.585679+00,2007-12-31,2026-03-05 05:09:35.142509+00
167.79,114.2,191.69,134.09,195.36,242.8,188.05,246.69,,129.83,128.35,2026-01-07 11:06:26.836831+00,2026-01-07 11:14:22.585679+00,2008-01-31,2026-03-05 05:09:35.142509+00
,,,,,249.09,,,,,,2026-01-07 11:06:26.836831+00,2026-01-07 11:14:22.585679+00,2008-02-28,2026-03-05 05:09:35.142509+00
176.14,114.7,197.73,140.49,201.64,,194.07,252.23,,131.81,129.72,2026-01-07 11:06:26.836831+00,2026-01-07 11:14:22.585679+00,2008-02-29,2026-03-05 05:09:35.142509+00
182.3,115.4,200.41,142.02,207.28,256.07,198.94,259.09,,138.37,130.42,2026-01-07 11:06:26.836831+00,2026-01-07 11:14:22.585679+00,2008-03-31,2026-03-05 05:09:35.142509+00
179.49,117.4,202.84,144.4,207.65,259.94,199.33,261.6,,140.78,132.41,2026-01-07 11:06:26.836831+00,2026-01-07 11:14:22.585679+00,2008-04-30,2026-03-05 05:09:35.142509+00
187.4,119.6,202.62,147.28,211.25,260.79,203.31,263.39,,135.52,134.72,2026-01-07 11:06:26.836831+00,2026-01-07 11:14:22.585679+00,2008-05-31,2026-03-05 05:09:35.142509+00
188.36,120.6,205.74,149.16,217.28,266.57,207.5,270.36,,138.71,133.43,2026-01-07 11:06:26.836831+00,2026-01-07 11:14:22.585679+00,2008-06-30,2026-03-05 05:09:35.142509+00
190.37,120.6,208.87,149.85,215.03,265.05,206.72,266.81,,137.18,133.64,2026-01-07 11:06:26.836831+00,2026-01-07 11:14:22.585679+00,2008-07-31,2026-03-05 05:09:35.142509+00
191.69,120.6,210.04,149.94,215.93,265.13,207.51,267.47,,135.91,136.35,2026-01-07 11:06:26.836831+00,2026-01-07 11:14:22.585679+00,2008-08-31,2026-03-05 05:09:35.142509+00
194.45,121.0,210.25,149.41,209.79,255.33,203.13,259.19,,140.93,133.07,2026-01-07 11:06:26.836831+00,2026-01-07 11:14:22.585679+00,2008-09-30,2026-03-05 05:09:35.142509+00
191.99,127.0,211.22,149.78,189.97,215.9,189.05,218.09,,145.03,134.41,2026-01-07 11:06:26.836831+00,2026-01-07 11:14:22.585679+00,2008-10-31,2026-03-05 05:09:35.142509+00
194.23,128.0,209.92,159.74,186.48,211.41,188.84,212.26,,144.49,137.31,2026-01-07 11:06:26.836831+00,2026-01-07 11:14:22.585679+00,2008-11-30,2026-03-05 05:09:35.142509+00
188.03,128.5,205.87,153.5,184.77,206.81,185.63,207.88,,150.07,138.75,2026-01-07 11:06:26.836831+00,2026-01-07 11:14:22.585679+00,2008-12-31,2026-03-05 05:09:35.142509+00
189.18,129.4,208.01,152.29,186.79,209.33,187.24,212.28,,152.84,139.21,2026-01-07 11:06:26.836831+00,2026-01-07 11:14:22.585679+00,2009-01-31,2026-03-05 05:09:35.142509+00
191.17,127.9,208.46,157.78,186.84,212.1,188.62,215.34,,150.52,141.86,2026-01-07 11:06:26.836831+00,2026-01-07 11:14:22.585679+00,2009-02-28,2026-03-05 05:09:35.142509+00
189.23,128.5,207.28,158.67,185.37,209.57,186.94,213.84,,149.35,138.76,2026-01-07 11:06:26.836831+00,2026-01-07 11:14:22.585679+00,2009-03-31,2026-03-05 05:09:35.142509+00
193.47,130.8,206.47,168.49,188.19,215.29,191.64,219.47,,151.43,144.46,2026-01-07 11:06:26.836831+00,2026-01-07 11:14:22.585679+00,2009-04-30,2026-03-05 05:09:35.142509+00
192.77,130.3,213.89,168.43,189.52,216.02,192.66,219.93,,155.56,141.49,2026-01-07 11:06:26.836831+00,2026-01-07 11:14:22.585679+00,2009-05-31,2026-03-05 05:09:35.142509+00
189.51,136.0,207.54,165.62,190.78,216.21,192.22,222.03,,149.43,139.3,2026-01-07 11:06:26.836831+00,2026-01-07 11:14:22.585679+00,2009-06-30,2026-03-05 05:09:35.142509+00
188.63,138.4,205.01,164.14,192.49,217.57,192.8,225.39,,146.62,138.05,2026-01-07 11:06:26.836831+00,2026-01-07 11:14:22.585679+00,2009-07-31,2026-03-05 05:09:35.142509+00
190.14,140.2,201.91,167.53,194.7,227.53,195.16,237.47,,150.91,142.53,2026-01-07 11:06:26.836831+00,2026-01-07 11:14:22.585679+00,2009-08-31,2026-03-05 05:09:35.142509+00
198.45,141.1,205.62,173.54,196.43,232.06,199.03,244.01,,150.99,148.36,2026-01-07 11:06:26.836831+00,2026-01-07 11:14:22.585679+00,2009-09-30,2026-03-05 05:09:35.142509+00
194.74,141.4,203.6,177.97,199.43,236.41,201.78,247.99,,157.82,146.68,2026-01-07 11:06:26.836831+00,2026-01-07 11:14:22.585679+00,2009-10-31,2026-03-05 05:09:35.142509+00
199.51,139.8,206.56,180.11,200.32,237.33,203.55,248.12,,153.64,150.76,2026-01-07 11:06:26.836831+00,2026-01-07 11:14:22.585679+00,2009-11-30,2026-03-05 05:09:35.142509+00
198.56,141.3,206.86,181.33,206.67,239.36,207.44,255.61,,160.52,150.69,2026-01-07 11:06:26.836831+00,2026-01-07 11:14:22.585679+00,2009-12-31,2026-03-05 05:09:35.142509+00
197.77,141.4,208.39,175.84,211.53,245.84,210.61,263.43,,159.13,150.97,2026-01-07 11:06:26.836831+00,2026-01-07 11:14:22.585679+00,2010-01-31,2026-03-05 05:09:35.142509+00
198.98,144.8,206.66,177.83,216.1,253.34,215.47,273.22,,156.34,155.69,2026-01-07 11:06:26.836831+00,2026-01-07 11:14:22.585679+00,2010-02-28,2026-03-05 05:09:35.142509+00
200.05,146.8,207.54,178.42,223.98,267.4,220.22,292.62,,156.4,153.17,2026-01-07 11:06:26.836831+00,2026-01-07 11:14:22.585679+00,2010-03-31,2026-03-05 05:09:35.142509+00
200.3,150.1,207.8,174.34,228.16,283.8,223.79,315.12,,150.31,152.69,2026-01-07 11:06:26.836831+00,2026-01-07 11:14:22.585679+00,2010-04-30,2026-03-05 05:09:35.142509+00
203.98,151.3,213.47,173.43,233.43,296.26,228.7,333.86,,151.0,150.87,2026-01-07 11:06:26.836831+00,2026-01-07 11:14:22.585679+00,2010-05-31,2026-03-05 05:09:35.142509+00
202.79,149.1,220.33,171.17,238.41,304.67,231.61,343.68,,153.63,153.39,2026-01-07 11:06:26.836831+00,2026-01-07 11:14:22.585679+00,2010-06-30,2026-03-05 05:09:35.142509+00
201.94,148.6,225.29,178.39,238.19,300.93,232.5,339.22,,152.34,152.95,2026-01-07 11:06:26.836831+00,2026-01-07 11:14:22.585679+00,2010-07-31,2026-03-05 05:09:35.142509+00
206.87,149.0,232.21,176.69,242.07,303.58,235.28,345.61,,156.01,151.68,2026-01-07 11:06:26.836831+00,2026-01-07 11:14:22.585679+00,2010-08-31,2026-03-05 05:09:35.142509+00
208.8,149.1,232.32,178.76,244.23,308.12,237.98,356.51,,166.7,153.15,2026-01-07 11:06:26.836831+00,2026-01-07 11:14:22.585679+00,2010-09-30,2026-03-05 05:09:35.142509+00
212.34,161.6,231.95,176.69,250.35,315.65,242.29,367.79,,167.71,151.15,2026-01-07 11:06:26.836831+00,2026-01-07 11:14:22.585679+00,2010-10-31,2026-03-05 05:09:35.142509+00
213.22,158.8,230.64,181.65,258.18,329.16,247.14,391.41,,162.42,154.86,2026-01-07 11:06:26.836831+00,2026-01-07 11:14:22.585679+00,2010-11-30,2026-03-05 05:09:35.142509+00
223.2,158.3,237.07,186.46,266.57,336.28,254.26,401.11,,165.04,156.38,2026-01-07 11:06:26.836831+00,2026-01-07 11:14:22.585679+00,2010-12-31,2026-03-05 05:09:35.142509+00
225.61,164.3,236.93,183.75,272.02,346.14,257.64,418.65,,163.82,159.61,2026-01-07 11:06:26.836831+00,2026-01-07 11:14:22.585679+00,2011-01-31,2026-03-05 05:09:35.142509+00
236.74,152.5,233.96,187.05,280.12,357.45,264.4,437.21,,169.76,158.64,2026-01-07 11:06:26.836831+00,2026-01-07 11:14:22.585679+00,2011-02-28,2026-03-05 05:09:35.142509+00
238.68,152.8,234.7,187.73,285.11,359.01,266.79,441.34,,173.63,163.96,2026-01-07 11:06:26.836831+00,2026-01-07 11:14:22.585679+00,2011-03-31,2026-03-05 05:09:35.142509+00
,,,,,,,438.42,,,,2026-01-07 11:06:26.836831+00,2026-01-07 11:14:22.585679+00,2011-04-28,2026-03-05 05:09:35.142509+00
244.59,153.8,235.5,191.38,289.66,358.95,271.03,,,175.23,167.46,2026-01-07 11:06:26.836831+00,2026-01-07 11:14:22.585679+00,2011-04-30,2026-03-05 05:09:35.142509+00
248.24,163.0,236.57,193.35,294.14,358.92,274.91,438.73,,177.31,168.43,2026-01-07 11:06:26.836831+00,2026-01-07 11:14:22.585679+00,2011-05-31,2026-03-05 05:09:35.142509+00
258.92,160.0,241.51,193.57,298.18,364.69,278.7,445.4,,177.6,172.04,2026-01-07 11:06:26.836831+00,2026-01-07 11:14:22.585679+00,2011-06-30,2026-03-05 05:09:35.142509+00
,,,,,,,435.28,,,,2026-01-07 11:06:26.836831+00,2026-01-07 11:14:22.585679+00,2011-07-28,2026-03-05 05:09:35.142509+00
259.14,180.2,243.64,195.64,299.87,359.01,279.69,,,179.19,169.99,2026-01-07 11:06:26.836831+00,2026-01-07 11:14:22.585679+00,2011-07-31,2026-03-05 05:09:35.142509+00
258.92,166.0,244.06,197.12,291.19,344.54,273.17,415.46,,176.28,166.95,2026-01-07 11:06:26.836831+00,2026-01-07 11:14:22.585679+00,2011-08-31,2026-03-05 05:09:35.142509+00
260.26,165.6,250.22,195.62,281.94,322.66,266.9,386.49,,175.39,169.33,2026-01-07 11:06:26.836831+00,2026-01-07 11:14:22.585679+00,2011-09-30,2026-03-05 05:09:35.142509+00
258.84,170.3,249.26,193.34,272.33,308.03,259.8,363.94,,172.85,165.86,2026-01-07 11:06:26.836831+00,2026-01-07 11:14:22.585679+00,2011-10-31,2026-03-05 05:09:35.142509+00
254.92,172.2,250.44,196.18,266.18,297.96,255.14,351.91,,174.32,168.07,2026-01-07 11:06:26.836831+00,2026-01-07 11:14:22.585679+00,2011-11-30,2026-03-05 05:09:35.142509+00
,,,,,,,334.45,,,,2026-01-07 11:06:26.836831+00,2026-01-07 11:14:22.585679+00,2011-12-30,2026-03-05 05:09:35.142509+00
261.79,176.8,248.36,198.32,262.04,286.33,253.37,,,179.55,168.72,2026-01-07 11:06:26.836831+00,2026-01-07 11:14:22.585679+00,2011-12-31,2026-03-05 05:09:35.142509+00
269.01,171.7,252.05,194.59,263.53,290.3,254.82,340.82,,175.63,165.87,2026-01-07 11:06:26.836831+00,2026-01-07 11:14:22.585679+00,2012-01-31,2026-03-05 05:09:35.142509+00
274.65,175.6,248.61,193.86,265.58,293.66,257.47,344.56,,177.75,169.22,2026-01-07 11:06:26.836831+00,2026-01-07 11:14:22.585679+00,2012-02-29,2026-03-05 05:09:35.142509+00
,,,,,,,344.83,,,,2026-01-07 11:06:26.836831+00,2026-01-07 11:14:22.585679+00,2012-03-30,2026-03-05 05:09:35.142509+00
275.76,178.3,244.23,194.95,263.58,293.55,256.56,,,180.05,168.8,2026-01-07 11:06:26.836831+00,2026-01-07 11:14:22.585679+00,2012-03-31,2026-03-05 05:09:35.142509+00
270.55,176.6,248.26,196.81,262.94,289.92,255.64,338.66,,180.52,168.61,2026-01-07 11:06:26.836831+00,2026-01-07 11:14:22.585679+00,2012-04-30,2026-03-05 05:09:35.142509+00
270.93,175.2,246.47,196.98,256.1,278.28,250.89,321.97,,180.19,168.73,2026-01-07 11:06:26.836831+00,2026-01-07 11:14:22.585679+00,2012-05-31,2026-03-05 05:09:35.142509+00
271.59,173.7,248.32,196.17,247.44,265.12,245.47,306.2,,179.49,167.76,2026-01-07 11:06:26.836831+00,2026-01-07 11:14:22.585679+00,2012-06-30,2026-03-05 05:09:35.142509+00
268.49,172.6,249.08,196.66,242.79,257.69,242.84,297.12,,182.41,167.93,2026-01-07 11:06:26.836831+00,2026-01-07 11:14:22.585679+00,2012-07-31,2026-03-05 05:09:35.142509+00
271.21,172.9,242.1,196.52,244.49,258.78,242.75,297.63,,184.02,167.3,2026-01-07 11:06:26.836831+00,2026-01-07 11:14:22.585679+00,2012-08-31,2026-03-05 05:09:35.142509+00
269.66,170.2,250.0,195.03,245.54,260.08,244.2,298.99,,184.34,168.41,2026-01-07 11:06:26.836831+00,2026-01-07 11:14:22.585679+00,2012-09-30,2026-03-05 05:09:35.142509+00
267.48,169.9,248.88,198.14,244.66,258.4,243.7,297.67,,185.21,167.74,2026-01-07 11:06:26.836831+00,2026-01-07 11:14:22.585679+00,2012-10-31,2026-03-05 05:09:35.142509+00
267.69,167.3,247.47,197.54,245.23,257.55,244.96,296.77,,189.27,169.58,2026-01-07 11:06:26.836831+00,2026-01-07 11:14:22.585679+00,2012-11-30,2026-03-05 05:09:35.142509+00
268.66,175.4,252.17,198.71,248.83,260.78,247.36,302.22,,191.03,173.18,2026-01-07 11:06:26.836831+00,2026-01-07 11:14:22.585679+00,2012-12-31,2026-03-05 05:09:35.142509+00
275.36,168.1,254.9,204.95,254.23,268.03,252.15,312.66,,193.95,173.87,2026-01-07 11:06:26.836831+00,2026-01-07 11:14:22.585679+00,2013-01-31,2026-03-05 05:09:35.142509+00
282.25,169.8,259.67,209.68,260.37,276.31,257.09,321.58,,199.22,171.55,2026-01-07 11:06:26.836831+00,2026-01-07 11:14:22.585679+00,2013-02-28,2026-03-05 05:09:35.142509+00
280.52,172.5,264.45,206.96,261.03,279.89,256.8,322.67,,196.01,176.27,2026-01-07 11:06:26.836831+00,2026-01-07 11:14:22.585679+00,2013-03-31,2026-03-05 05:09:35.142509+00
288.56,169.3,266.26,207.96,259.69,276.17,257.09,318.57,,195.46,174.55,2026-01-07 11:06:26.836831+00,2026-01-07 11:14:22.585679+00,2013-04-30,2026-03-05 05:09:35.142509+00
282.92,164.1,265.72,209.42,259.35,275.44,256.7,318.48,,197.31,174.04,2026-01-07 11:06:26.836831+00,2026-01-07 11:14:22.585679+00,2013-05-31,2026-03-05 05:09:35.142509+00
287.56,167.3,271.22,211.04,260.22,274.22,258.65,317.23,,199.87,173.92,2026-01-07 11:06:26.836831+00,2026-01-07 11:14:22.585679+00,2013-06-30,2026-03-05 05:09:35.142509+00
284.36,172.5,274.57,215.56,260.74,272.98,258.78,314.29,,198.86,170.17,2026-01-07 11:06:26.836831+00,2026-01-07 11:14:22.585679+00,2013-07-31,2026-03-05 05:09:35.142509+00
280.07,162.1,272.76,223.6,260.18,272.72,258.56,314.37,,202.44,174.8,2026-01-07 11:06:26.836831+00,2026-01-07 11:14:22.585679+00,2013-08-31,2026-03-05 05:09:35.142509+00
288.68,160.7,272.85,223.65,258.71,267.95,259.25,308.49,,202.05,174.67,2026-01-07 11:06:26.836831+00,2026-01-07 11:14:22.585679+00,2013-09-30,2026-03-05 05:09:35.142509+00
290.79,167.7,270.79,219.92,255.56,265.18,257.54,303.95,,206.7,170.82,2026-01-07 11:06:26.836831+00,2026-01-07 11:14:22.585679+00,2013-10-31,2026-03-05 05:09:35.142509+00
294.42,163.2,274.02,219.62,252.29,258.46,256.04,296.76,,208.09,169.33,2026-01-07 11:06:26.836831+00,2026-01-07 11:14:22.585679+00,2013-11-30,2026-03-05 05:09:35.142509+00
293.29,169.3,275.53,216.9,250.57,257.15,254.85,293.09,,209.98,170.26,2026-01-07 11:06:26.836831+00,2026-01-07 11:14:22.585679+00,2013-12-31,2026-03-05 05:09:35.142509+00
290.04,169.0,273.87,218.3,250.66,254.83,252.32,290.66,,209.04,168.97,2026-01-07 11:06:26.836831+00,2026-01-07 11:14:22.585679+00,2014-01-31,2026-03-05 05:09:35.142509+00
288.96,170.4,271.06,214.9,246.41,252.5,249.76,287.1,,209.15,166.51,2026-01-07 11:06:26.836831+00,2026-01-07 11:14:22.585679+00,2014-02-28,2026-03-05 05:09:35.142509+00
291.18,177.9,272.69,215.95,245.95,249.02,249.98,283.65,,211.04,166.34,2026-01-07 11:06:26.836831+00,2026-01-07 11:14:22.585679+00,2014-03-31,2026-03-05 05:09:35.142509+00
285.98,179.0,271.64,218.72,243.08,246.58,247.52,280.88,,208.91,166.97,2026-01-07 11:06:26.836831+00,2026-01-07 11:14:22.585679+00,2014-04-30,2026-03-05 05:09:35.142509+00
286.08,180.1,270.15,218.14,239.67,243.13,245.69,274.86,,210.38,163.67,2026-01-07 11:06:26.836831+00,2026-01-07 11:14:22.585679+00,2014-05-31,2026-03-05 05:09:35.142509+00
287.26,178.0,270.19,216.85,235.36,236.02,243.53,266.18,,211.22,164.81,2026-01-07 11:06:26.836831+00,2026-01-07 11:14:22.585679+00,2014-06-30,2026-03-05 05:09:35.142509+00
286.46,177.7,268.19,216.07,234.79,234.01,242.81,263.19,,214.2,164.6,2026-01-07 11:06:26.836831+00,2026-01-07 11:14:22.585679+00,2014-07-31,2026-03-05 05:09:35.142509+00
286.85,179.6,264.34,215.77,235.48,236.21,242.59,266.63,,213.01,163.61,2026-01-07 11:06:26.836831+00,2026-01-07 11:14:22.585679+00,2014-08-31,2026-03-05 05:09:35.142509+00
288.33,179.5,267.86,213.95,236.64,236.86,243.27,265.25,,212.86,163.29,2026-01-07 11:06:26.836831+00,2026-01-07 11:14:22.585679+00,2014-09-30,2026-03-05 05:09:35.142509+00
290.33,180.0,273.99,213.98,236.42,237.89,243.33,265.12,,216.18,162.94,2026-01-07 11:06:26.836831+00,2026-01-07 11:14:22.585679+00,2014-10-31,2026-03-05 05:09:35.142509+00
293.92,187.4,275.51,213.88,237.16,238.58,244.24,264.65,,215.91,161.98,2026-01-07 11:06:26.836831+00,2026-01-07 11:14:22.585679+00,2014-11-30,2026-03-05 05:09:35.142509+00
291.05,187.2,271.98,212.95,238.53,238.5,243.75,266.83,,215.97,160.25,2026-01-07 11:06:26.836831+00,2026-01-07 11:14:22.585679+00,2014-12-31,2026-03-05 05:09:35.142509+00
295.69,188.8,276.89,215.94,238.62,243.06,245.77,271.63,,217.05,159.78,2026-01-07 11:06:26.836831+00,2026-01-07 11:14:22.585679+00,2015-01-31,2026-03-05 05:09:35.142509+00
292.63,193.7,269.38,215.54,237.29,242.11,244.91,269.83,,220.98,159.81,2026-01-07 11:06:26.836831+00,2026-01-07 11:14:22.585679+00,2015-02-28,2026-03-05 05:09:35.142509+00
293.3,192.0,271.07,215.1,237.45,241.03,245.01,268.17,,220.39,158.26,2026-01-07 11:06:26.836831+00,2026-01-07 11:14:22.585679+00,2015-03-31,2026-03-05 05:09:35.142509+00
293.52,198.9,268.59,214.77,238.59,242.0,245.48,270.05,,218.2,157.76,2026-01-07 11:06:26.836831+00,2026-01-07 11:14:22.585679+00,2015-04-30,2026-03-05 05:09:35.142509+00
295.92,199.9,266.44,215.42,238.86,241.85,245.85,270.26,,216.0,160.98,2026-01-07 11:06:26.836831+00,2026-01-07 11:14:22.585679+00,2015-05-31,2026-03-05 05:09:35.142509+00
296.43,198.0,269.87,217.54,240.92,244.32,248.11,272.04,,218.34,158.84,2026-01-07 11:06:26.836831+00,2026-01-07 11:14:22.585679+00,2015-06-30,2026-03-05 05:09:35.142509+00
293.22,199.2,268.22,215.97,238.2,241.43,245.82,268.47,,214.48,159.03,2026-01-07 11:06:26.836831+00,2026-01-07 11:14:22.585679+00,2015-07-31,2026-03-05 05:09:35.142509+00
292.6,204.7,270.06,215.64,239.27,241.64,245.58,269.13,,215.42,154.66,2026-01-07 11:06:26.836831+00,2026-01-07 11:14:22.585679+00,2015-08-31,2026-03-05 05:09:35.142509+00
296.83,205.3,273.46,216.4,240.33,241.65,246.97,269.04,,215.54,154.26,2026-01-07 11:06:26.836831+00,2026-01-07 11:14:22.585679+00,2015-09-30,2026-03-05 05:09:35.142509+00
303.77,207.2,270.17,216.27,238.37,240.27,246.47,265.74,,215.61,153.68,2026-01-07 11:06:26.836831+00,2026-01-07 11:14:22.585679+00,2015-10-31,2026-03-05 05:09:35.142509+00
297.13,210.3,267.95,214.7,236.42,236.71,244.55,261.63,,220.05,156.09,2026-01-07 11:06:26.836831+00,2026-01-07 11:14:22.585679+00,2015-11-30,2026-03-05 05:09:35.142509+00
294.87,219.1,270.07,214.57,238.15,238.26,245.22,264.88,,222.3,155.25,2026-01-07 11:06:26.836831+00,2026-01-07 11:14:22.585679+00,2015-12-31,2026-03-05 05:09:35.142509+00
296.66,209.1,269.78,217.1,241.46,240.87,247.8,269.17,,220.69,156.57,2026-01-07 11:06:26.836831+00,2026-01-07 11:14:22.585679+00,2016-01-31,2026-03-05 05:09:35.142509+00
299.16,207.2,274.82,219.74,243.07,243.7,249.3,271.49,,218.64,156.92,2026-01-07 11:06:26.836831+00,2026-01-07 11:14:22.585679+00,2016-02-29,2026-03-05 05:09:35.142509+00
303.51,222.6,274.57,219.79,249.01,250.12,253.59,280.45,,220.81,158.68,2026-01-07 11:06:26.836831+00,2026-01-07 11:14:22.585679+00,2016-03-31,2026-03-05 05:09:35.142509+00
302.34,215.8,275.03,218.93,251.79,252.75,254.78,283.72,,222.36,160.5,2026-01-07 11:06:26.836831+00,2026-01-07 11:14:22.585679+00,2016-04-30,2026-03-05 05:09:35.142509+00
304.79,218.1,278.21,219.77,251.31,254.31,255.79,285.01,,224.53,159.3,2026-01-07 11:06:26.836831+00,2026-01-07 11:14:22.585679+00,2016-05-31,2026-03-05 05:09:35.142509+00
320.63,226.9,281.51,223.97,258.73,259.71,264.35,292.16,,228.68,160.82,2026-01-07 11:06:26.836831+00,2026-01-07 11:14:22.585679+00,2016-06-30,2026-03-05 05:09:35.142509+00
330.57,234.4,289.56,228.51,268.67,269.07,273.3,307.8,,232.62,164.72,2026-01-07 11:06:26.836831+00,2026-01-07 11:14:22.585679+00,2016-07-31,2026-03-05 05:09:35.142509+00
340.41,228.8,293.79,231.67,276.76,276.83,281.62,317.38,,236.85,167.06,2026-01-07 11:06:26.836831+00,2026-01-07 11:14:22.585679+00,2016-08-31,2026-03-05 05:09:35.142509+00
345.03,233.6,302.52,235.18,280.29,281.23,285.3,321.17,,244.19,169.03,2026-01-07 11:06:26.836831+00,2026-01-07 11:14:22.585679+00,2016-09-30,2026-03-05 05:09:35.142509+00
353.11,239.4,313.57,247.12,289.22,291.36,293.6,332.32,,252.55,171.68,2026-01-07 11:06:26.836831+00,2026-01-07 11:14:22.585679+00,2016-10-31,2026-03-05 05:09:35.142509+00
361.94,240.7,326.06,244.64,290.16,296.19,296.6,334.88,,259.96,170.7,2026-01-07 11:06:26.836831+00,2026-01-07 11:14:22.585679+00,2016-11-30,2026-03-05 05:09:35.142509+00
371.4,243.4,323.12,244.11,293.15,297.33,299.8,335.61,,259.13,173.92,2026-01-07 11:06:26.836831+00,2026-01-07 11:14:22.585679+00,2016-12-31,2026-03-05 05:09:35.142509+00
372.05,247.6,329.73,250.88,294.65,301.08,301.24,338.91,,261.76,176.36,2026-01-07 11:06:26.836831+00,2026-01-07 11:14:22.585679+00,2017-01-31,2026-03-05 05:09:35.142509+00
376.81,247.8,335.66,250.17,295.93,302.26,303.15,339.4,,261.4,176.72,2026-01-07 11:06:26.836831+00,2026-01-07 11:14:22.585679+00,2017-02-28,2026-03-05 05:09:35.142509+00
381.78,253.2,341.1,255.65,299.38,304.3,306.67,343.36,,262.5,180.79,2026-01-07 11:06:26.836831+00,2026-01-07 11:14:22.585679+00,2017-03-31,2026-03-05 05:09:35.142509+00
381.05,251.9,342.72,257.03,298.77,302.69,306.81,341.39,,263.14,182.17,2026-01-07 11:06:26.836831+00,2026-01-07 11:14:22.585679+00,2017-04-30,2026-03-05 05:09:35.142509+00
390.95,252.0,344.47,259.9,302.36,303.94,310.57,344.68,,265.75,183.39,2026-01-07 11:06:26.836831+00,2026-01-07 11:14:22.585679+00,2017-05-31,2026-03-05 05:09:35.142509+00
396.44,264.8,343.69,259.09,305.09,307.1,313.89,345.63,,273.56,185.05,2026-01-07 11:06:26.836831+00,2026-01-07 11:14:22.585679+00,2017-06-30,2026-03-05 05:09:35.142509+00
398.01,267.6,347.19,262.86,307.92,307.22,316.82,345.91,,273.56,184.15,2026-01-07 11:06:26.836831+00,2026-01-07 11:14:22.585679+00,2017-07-31,2026-03-05 05:09:35.142509+00
411.38,266.7,349.09,267.84,311.31,308.67,321.64,350.5,,275.19,184.64,2026-01-07 11:06:26.836831+00,2026-01-07 11:14:22.585679+00,2017-08-31,2026-03-05 05:09:35.142509+00
412.49,267.1,350.99,270.57,309.72,308.03,321.2,349.64,,281.49,183.09,2026-01-07 11:06:26.836831+00,2026-01-07 11:14:22.585679+00,2017-09-30,2026-03-05 05:09:35.142509+00
422.82,266.5,357.56,271.47,311.11,308.93,324.47,350.77,,286.01,183.34,2026-01-07 11:06:26.836831+00,2026-01-07 11:14:22.585679+00,2017-10-31,2026-03-05 05:09:35.142509+00
460.07,268.9,354.98,276.34,314.75,312.96,333.54,353.93,,292.2,183.35,2026-01-07 11:06:26.836831+00,2026-01-07 11:14:22.585679+00,2017-11-30,2026-03-05 05:09:35.142509+00
442.73,266.3,357.31,273.2,316.03,312.69,330.34,353.54,,291.86,183.41,2026-01-07 11:06:26.836831+00,2026-01-07 11:14:22.585679+00,2017-12-31,2026-03-05 05:09:35.142509+00
437.64,267.9,361.91,269.2,317.19,312.47,330.99,354.6,,289.12,183.89,2026-01-07 11:06:26.836831+00,2026-01-07 11:14:22.585679+00,2018-01-31,2026-03-05 05:09:35.142509+00
454.48,278.3,362.03,277.58,317.01,312.16,334.75,354.21,,290.93,184.37,2026-01-07 11:06:26.836831+00,2026-01-07 11:14:22.585679+00,2018-02-28,2026-03-05 05:09:35.142509+00
461.6,286.4,360.48,268.51,316.59,310.69,334.42,352.0,,288.97,185.22,2026-01-07 11:06:26.836831+00,2026-01-07 11:14:22.585679+00,2018-03-31,2026-03-05 05:09:35.142509+00
473.56,280.6,361.43,268.93,318.0,311.66,337.04,353.31,,288.75,187.1,2026-01-07 11:06:26.836831+00,2026-01-07 11:14:22.585679+00,2018-04-30,2026-03-05 05:09:35.142509+00
481.04,295.7,366.59,267.03,319.66,313.07,340.95,354.46,,290.3,187.89,2026-01-07 11:06:26.836831+00,2026-01-07 11:14:22.585679+00,2018-05-31,2026-03-05 05:09:35.142509+00
490.31,305.2,372.73,270.89,322.54,316.62,345.61,358.03,,294.03,189.72,2026-01-07 11:06:26.836831+00,2026-01-07 11:14:22.585679+00,2018-06-30,2026-03-05 05:09:35.142509+00
507.87,310.0,376.57,276.58,320.57,314.47,348.05,358.04,,293.91,189.78,2026-01-07 11:06:26.836831+00,2026-01-07 11:14:22.585679+00,2018-07-31,2026-03-05 05:09:35.142509+00
511.78,311.1,380.51,270.89,321.63,315.98,350.73,360.09,,298.2,190.78,2026-01-07 11:06:26.836831+00,2026-01-07 11:14:22.585679+00,2018-08-31,2026-03-05 05:09:35.142509+00
548.67,303.1,392.18,286.96,324.76,316.25,360.49,359.45,,301.43,192.68,2026-01-07 11:06:26.836831+00,2026-01-07 11:14:22.585679+00,2018-09-30,2026-03-05 05:09:35.142509+00
555.89,312.4,387.95,285.03,320.86,313.94,358.15,355.56,165.28,299.52,189.68,2026-01-07 11:06:26.836831+00,2026-01-07 11:14:22.585679+00,2018-10-31,2026-03-05 05:09:35.142509+00
599.99,321.8,386.12,280.83,318.81,313.37,364.18,351.8,165.65,298.77,193.69,2026-01-07 11:06:26.836831+00,2026-01-07 11:14:22.585679+00,2018-11-30,2026-03-05 05:09:35.142509+00
597.07,322.1,385.17,283.23,318.0,312.05,363.34,350.19,167.41,296.85,196.17,2026-01-07 11:06:26.836831+00,2026-01-07 11:14:22.585679+00,2018-12-31,2026-03-05 05:09:35.142509+00
594.72,317.0,385.51,284.55,318.22,311.98,362.22,350.61,164.85,297.02,194.2,2026-01-07 11:06:26.836831+00,2026-01-07 11:14:22.585679+00,2019-01-31,2026-03-05 05:09:35.142509+00
576.43,318.8,384.91,284.15,316.9,309.76,358.4,348.14,164.64,293.44,192.15,2026-01-07 11:06:26.836831+00,2026-01-07 11:14:22.585679+00,2019-02-28,2026-03-05 05:09:35.142509+00
563.25,290.7,389.25,287.13,315.03,309.03,354.27,347.62,161.16,289.58,190.03,2026-01-07 11:06:26.836831+00,2026-01-07 11:14:22.585679+00,2019-03-31,2026-03-05 05:09:35.142509+00
557.64,295.2,385.02,286.71,314.73,308.53,353.12,347.11,164.22,294.7,192.96,2026-01-07 11:06:26.836831+00,2026-01-07 11:14:22.585679+00,2019-04-30,2026-03-05 05:09:35.142509+00
557.3,292.6,381.25,287.97,315.04,308.01,353.48,346.05,163.33,292.84,193.81,2026-01-07 11:06:26.836831+00,2026-01-07 11:14:22.585679+00,2019-05-31,2026-03-05 05:09:35.142509+00
559.87,297.5,386.59,290.03,317.36,309.22,355.92,347.3,163.95,291.13,196.95,2026-01-07 11:06:26.836831+00,2026-01-07 11:14:22.585679+00,2019-06-30,2026-03-05 05:09:35.142509+00
565.76,315.1,389.63,291.09,317.8,310.07,357.68,348.75,161.66,288.27,198.52,2026-01-07 11:06:26.836831+00,2026-01-07 11:14:22.585679+00,2019-07-31,2026-03-05 05:09:35.142509+00
568.96,309.0,392.36,297.32,317.05,312.37,359.71,349.69,165.2,294.86,196.07,2026-01-07 11:06:26.836831+00,2026-01-07 11:14:22.585679+00,2019-08-31,2026-03-05 05:09:35.142509+00
583.29,308.8,394.77,297.83,315.5,311.35,360.88,348.62,162.88,295.31,195.28,2026-01-07 11:06:26.836831+00,2026-01-07 11:14:22.585679+00,2019-09-30,2026-03-05 05:09:35.142509+00
570.29,308.3,402.11,297.63,313.38,308.37,356.62,343.08,160.34,294.62,192.54,2026-01-07 11:06:26.836831+00,2026-01-07 11:14:22.585679+00,2019-10-31,2026-03-05 05:09:35.142509+00
,,,,,,,337.65,,,,2026-01-07 11:06:26.836831+00,2026-01-07 11:14:22.585679+00,2019-11-29,2026-03-05 05:09:35.142509+00
553.56,302.7,393.47,296.18,310.14,304.42,350.4,,160.24,291.14,191.73,2026-01-07 11:06:26.836831+00,2026-01-07 11:14:22.585679+00,2019-11-30,2026-03-05 05:09:35.142509+00
544.75,302.0,393.85,296.54,308.58,302.56,348.13,335.06,161.93,289.74,190.07,2026-01-07 11:06:26.836831+00,2026-01-07 11:14:22.585679+00,2019-12-31,2026-03-05 05:09:35.142509+00
538.06,300.2,394.49,298.81,307.11,301.88,346.07,334.04,158.86,286.93,188.14,2026-01-07 11:06:26.836831+00,2026-01-07 11:14:22.585679+00,2020-01-31,2026-03-05 05:09:35.142509+00
530.95,297.9,393.01,298.2,305.59,302.56,343.39,328.35,159.15,285.2,189.3,2026-01-07 11:06:26.836831+00,2026-01-07 11:14:22.585679+00,2020-02-29,2026-03-05 05:09:35.142509+00
522.98,298.1,386.42,298.28,300.14,299.36,338.76,321.29,157.37,283.74,188.59,2026-01-07 11:06:26.836831+00,2026-01-07 11:14:22.585679+00,2020-03-31,2026-03-05 05:09:35.142509+00
519.33,294.3,391.48,295.73,300.41,298.46,337.41,323.93,156.14,279.6,188.48,2026-01-07 11:06:26.836831+00,2026-01-07 11:14:22.585679+00,2020-04-30,2026-03-05 05:09:35.142509+00
523.75,300.5,393.44,301.07,304.9,296.25,342.08,329.62,158.51,284.74,191.01,2026-01-07 11:06:26.836831+00,2026-01-07 11:14:22.585679+00,2020-05-31,2026-03-05 05:09:35.142509+00
525.77,299.2,402.31,301.42,309.81,299.65,344.82,333.43,161.14,282.19,192.55,2026-01-07 11:06:26.836831+00,2026-01-07 11:14:22.585679+00,2020-06-30,2026-03-05 05:09:35.142509+00
532.68,301.4,407.06,303.57,312.85,302.15,348.31,336.4,159.05,285.91,193.32,2026-01-07 11:06:26.836831+00,2026-01-07 11:14:22.585679+00,2020-07-31,2026-03-05 05:09:35.142509+00
530.65,301.5,411.9,303.2,313.12,306.06,348.05,338.04,158.5,285.03,193.18,2026-01-07 11:06:26.836831+00,2026-01-07 11:14:22.585679+00,2020-08-31,2026-03-05 05:09:35.142509+00
534.35,294.5,420.65,310.45,316.36,310.39,351.46,339.37,159.69,282.58,195.32,2026-01-07 11:06:26.836831+00,2026-01-07 11:14:22.585679+00,2020-09-30,2026-03-05 05:09:35.142509+00
532.16,295.3,417.11,308.98,318.72,313.99,352.47,344.17,162.96,285.22,196.34,2026-01-07 11:06:26.836831+00,2026-01-07 11:14:22.585679+00,2020-10-31,2026-03-05 05:09:35.142509+00
535.87,297.5,422.83,314.98,320.18,316.63,353.7,345.98,165.66,280.91,198.01,2026-01-07 11:06:26.836831+00,2026-01-07 11:14:22.585679+00,2020-11-30,2026-03-05 05:09:35.142509+00
540.01,301.0,424.51,322.53,320.75,318.99,356.46,346.98,167.45,285.21,199.51,2026-01-07 11:06:26.836831+00,2026-01-07 11:14:22.585679+00,2020-12-31,2026-03-05 05:09:35.142509+00
550.15,298.6,429.04,320.88,322.2,320.88,359.22,347.08,166.55,285.74,202.01,2026-01-07 11:06:26.836831+00,2026-01-07 11:14:22.585679+00,2021-01-31,2026-03-05 05:09:35.142509+00
558.44,298.4,435.35,318.74,322.87,322.67,361.45,348.33,164.32,286.84,204.01,2026-01-07 11:06:26.836831+00,2026-01-07 11:14:22.585679+00,2021-02-28,2026-03-05 05:09:35.142509+00
564.06,300.9,435.31,326.26,326.46,327.91,365.06,354.39,167.04,286.42,207.34,2026-01-07 11:06:26.836831+00,2026-01-07 11:14:22.585679+00,2021-03-31,2026-03-05 05:09:35.142509+00
573.48,306.1,436.24,329.19,329.66,332.86,369.96,358.96,164.31,294.65,208.21,2026-01-07 11:06:26.836831+00,2026-01-07 11:14:22.585679+00,2021-04-30,2026-03-05 05:09:35.142509+00
575.77,317.3,445.48,328.85,331.01,335.25,372.78,360.43,162.9,303.67,208.3,2026-01-07 11:06:26.836831+00,2026-01-07 11:14:22.585679+00,2021-05-31,2026-03-05 05:09:35.142509+00
583.2,315.1,448.15,333.02,334.38,337.8,375.97,363.04,163.38,301.67,211.69,2026-01-07 11:06:26.836831+00,2026-01-07 11:14:22.585679+00,2021-06-30,2026-03-05 05:09:35.142509+00
592.93,322.4,460.59,334.79,336.95,346.57,380.88,374.01,163.88,308.05,213.67,2026-01-07 11:06:26.836831+00,2026-01-07 11:14:22.585679+00,2021-07-31,2026-03-05 05:09:35.142509+00
597.01,332.8,467.25,340.05,341.99,350.93,385.78,377.82,164.83,315.85,214.52,2026-01-07 11:06:26.836831+00,2026-01-07 11:14:22.585679+00,2021-08-31,2026-03-05 05:09:35.142509+00
636.3,341.6,488.42,347.0,346.2,364.44,396.9,387.21,166.32,319.5,219.4,2026-01-07 11:06:26.836831+00,2026-01-07 11:14:22.585679+00,2021-09-30,2026-03-05 05:09:35.142509+00
661.3,350.72,525.4,354.5,347.2,372.44,405.4,387.46,168.1,328.9,223.6,2026-01-07 11:06:26.836831+00,2026-01-07 11:14:22.585679+00,2021-10-31,2026-03-05 05:09:35.142509+00
686.8,359.06,567.92,359.67,350.4,382.59,415.31,390.49,167.72,339.47,224.43,2026-01-07 11:06:26.836831+00,2026-01-07 11:14:22.585679+00,2021-11-30,2026-03-05 05:09:35.142509+00
707.49,372.17,600.64,367.28,354.33,392.52,424.46,393.02,168.74,349.11,228.28,2026-01-07 11:06:26.836831+00,2026-01-07 11:14:22.585679+00,2021-12-31,2026-03-05 05:09:35.142509+00
752.41,394.01,634.01,374.69,357.81,399.84,439.25,395.49,170.18,368.54,233.92,2026-01-07 11:06:26.836831+00,2026-01-07 11:14:22.585679+00,2022-01-31,2026-03-05 05:09:35.142509+00
779.76,394.24,641.18,382.03,360.47,401.41,446.23,399.42,166.07,365.38,235.79,2026-01-07 11:06:26.836831+00,2026-01-07 11:14:22.585679+00,2022-02-28,2026-03-05 05:09:35.142509+00
810.96,397.97,658.01,384.36,363.9,404.02,455.22,402.98,175.72,372.87,239.86,2026-01-07 11:06:26.836831+00,2026-01-07 11:14:22.585679+00,2022-03-31,2026-03-05 05:09:35.142509+00
839.05,397.08,656.98,381.71,365.48,406.82,460.95,404.43,168.48,371.34,239.83,2026-01-07 11:06:26.836831+00,2026-01-07 11:14:22.585679+00,2022-04-30,2026-03-05 05:09:35.142509+00
865.24,399.98,665.5,382.44,367.69,409.69,468.12,405.24,164.9,372.52,245.32,2026-01-07 11:06:26.836831+00,2026-01-07 11:14:22.585679+00,2022-05-31,2026-03-05 05:09:35.142509+00
876.55,404.07,675.82,386.23,368.22,412.53,471.65,406.3,171.7,377.22,248.33,2026-01-07 11:06:26.836831+00,2026-01-07 11:14:22.585679+00,2022-06-30,2026-03-05 05:09:35.142509+00
886.9,402.0,696.85,387.55,368.68,411.23,473.58,402.78,171.51,374.37,245.59,2026-01-07 11:06:26.836831+00,2026-01-07 11:14:22.585679+00,2022-07-31,2026-03-05 05:09:35.142509+00
886.54,394.58,711.37,391.11,371.57,416.61,474.16,405.95,168.28,366.27,245.68,2026-01-07 11:06:26.836831+00,2026-01-07 11:14:22.585679+00,2022-08-31,2026-03-05 05:09:35.142509+00
902.75,407.64,734.44,400.52,377.4,424.35,484.28,411.6,165.97,376.97,252.35,2026-01-07 11:06:26.836831+00,2026-01-07 11:14:22.585679+00,2022-09-30,2026-03-05 05:09:35.142509+00
909.38,402.69,749.63,401.1,375.94,422.06,484.99,408.63,163.2,372.95,248.73,2026-01-07 11:06:26.836831+00,2026-01-07 11:14:22.585679+00,2022-10-31,2026-03-05 05:09:35.142509+00
901.49,395.76,730.56,403.3,375.83,420.51,482.15,404.29,165.12,367.85,244.25,2026-01-07 11:06:26.836831+00,2026-01-07 11:14:22.585679+00,2022-11-30,2026-03-05 05:09:35.142509+00
896.11,391.66,713.17,400.99,376.21,419.64,480.12,402.29,164.01,366.57,241.15,2026-01-07 11:06:26.836831+00,2026-01-07 11:14:22.585679+00,2022-12-31,2026-03-05 05:09:35.142509+00
899.73,382.97,682.13,393.59,375.12,413.82,476.27,400.25,163.96,359.78,232.72,2026-01-07 11:06:26.836831+00,2026-01-07 11:14:22.585679+00,2023-01-31,2026-03-05 05:09:35.142509+00
880.85,387.63,679.02,397.92,374.83,415.29,472.49,399.62,165.09,359.14,228.56,2026-01-07 11:06:26.836831+00,2026-01-07 11:14:22.585679+00,2023-02-28,2026-03-05 05:09:35.142509+00
882.29,387.05,671.43,398.48,375.17,416.07,472.69,399.6,164.86,358.42,229.28,2026-01-07 11:06:26.836831+00,2026-01-07 11:14:22.585679+00,2023-03-31,2026-03-05 05:09:35.142509+00
868.86,382.92,662.16,395.04,373.66,414.04,468.04,397.98,162.73,353.78,225.84,2026-01-07 11:06:26.836831+00,2026-01-07 11:14:22.585679+00,2023-04-30,2026-03-05 05:09:35.142509+00
845.4,368.9,648.09,392.69,368.63,405.68,457.0,392.19,162.89,342.13,211.56,2026-01-07 11:06:26.836831+00,2026-01-07 11:14:22.585679+00,2023-05-31,2026-03-05 05:09:35.142509+00
821.83,360.02,640.0,387.41,362.87,393.82,447.38,383.41,161.12,335.52,204.93,2026-01-07 11:06:26.836831+00,2026-01-07 11:14:22.585679+00,2023-06-30,2026-03-05 05:09:35.142509+00
803.43,357.49,638.65,386.03,351.87,381.41,438.12,368.24,160.88,331.95,201.63,2026-01-07 11:06:26.836831+00,2026-01-07 11:14:22.585679+00,2023-07-31,2026-03-05 05:09:35.142509+00
798.86,349.72,619.61,383.78,349.13,376.55,434.46,363.93,158.68,324.44,200.8,2026-01-07 11:06:26.836831+00,2026-01-07 11:14:22.585679+00,2023-08-31,2026-03-05 05:09:35.142509+00
782.07,350.91,619.72,386.02,346.41,376.34,429.94,,157.8,324.98,198.27,2026-01-07 11:06:26.836831+00,2026-01-07 11:14:22.585679+00,2023-09-30,2026-03-05 05:09:35.142509+00
769.57,351.97,604.25,378.08,341.04,369.24,424.01,355.12,157.54,325.61,197.49,2026-01-07 11:06:26.836831+00,2026-01-07 11:14:22.585679+00,2023-10-31,2026-03-05 05:09:35.142509+00
755.22,347.34,590.77,375.42,337.27,364.3,417.56,350.02,156.66,320.57,194.28,2026-01-07 11:06:26.836831+00,2026-01-07 11:14:22.585679+00,2023-11-30,2026-03-05 05:09:35.142509+00
751.27,348.62,582.64,376.83,333.59,360.37,414.58,344.02,155.39,319.03,193.83,2026-01-07 11:06:26.836831+00,2026-01-07 11:14:22.585679+00,2023-12-31,2026-03-05 05:09:35.142509+00
723.48,344.56,572.0,374.03,328.82,359.25,405.49,342.12,158.21,316.17,185.49,2026-01-07 11:06:26.836831+00,2026-01-07 11:14:22.585679+00,2024-01-31,2026-03-05 05:09:35.142509+00
710.16,333.98,580.99,374.39,326.01,355.16,400.27,340.9,154.12,307.56,184.53,2026-01-07 11:06:26.836831+00,2026-01-07 11:14:22.585679+00,2024-02-29,2026-03-05 05:09:35.142509+00
706.19,333.55,568.61,373.64,323.3,356.72,397.84,338.08,156.3,306.72,185.18,2026-01-07 11:06:26.836831+00,2026-01-07 11:14:22.585679+00,2024-03-31,2026-03-05 05:09:35.142509+00
698.3,333.89,558.96,376.13,321.44,351.93,395.05,334.22,155.23,303.97,183.3,2026-01-07 11:06:26.836831+00,2026-01-07 11:14:22.585679+00,2024-04-30,2026-03-05 05:09:35.142509+00
695.11,336.5,557.31,370.51,319.14,349.73,392.78,332.11,154.73,306.46,182.17,2026-01-07 11:06:26.836831+00,2026-01-07 11:14:22.585679+00,2024-05-31,2026-03-05 05:09:35.142509+00
678.46,333.79,541.54,368.97,317.52,348.21,388.19,327.26,154.53,303.17,182.45,2026-01-07 11:06:26.836831+00,2026-01-07 11:14:22.585679+00,2024-06-30,2026-03-05 05:09:35.142509+00
672.98,331.52,546.42,365.61,313.58,344.32,385.47,321.08,154.65,301.06,179.51,2026-01-07 11:06:26.836831+00,2026-01-07 11:14:22.585679+00,2024-07-31,2026-03-05 05:09:35.142509+00
674.19,331.19,547.19,365.38,310.45,340.77,384.9,319.85,152.21,303.4,180.44,2026-01-07 11:06:26.836831+00,2026-01-07 11:14:22.585679+00,2024-08-31,2026-03-05 05:09:35.142509+00
662.73,317.88,543.83,361.9,303.66,335.11,377.7,313.6,155.31,290.11,180.94,2026-01-07 11:06:26.836831+00,2026-01-07 11:14:22.585679+00,2024-09-30,2026-03-05 05:09:35.142509+00
656.53,309.89,540.11,362.54,302.08,335.28,374.57,311.44,158.28,282.1,179.44,2026-01-07 11:06:26.836831+00,2026-01-07 11:14:22.585679+00,2024-10-31,2026-03-05 05:09:35.142509+00
643.15,318.55,525.52,354.07,295.95,327.04,368.36,306.27,153.5,290.44,174.63,2026-01-07 11:06:26.836831+00,2026-01-07 11:14:22.585679+00,2024-11-30,2026-03-05 05:09:35.142509+00
637.38,316.09,514.38,351.08,295.9,327.63,366.21,306.03,154.6,288.11,174.96,2026-01-07 11:06:26.836831+00,2026-01-07 11:14:22.585679+00,2024-12-31,2026-03-05 05:09:35.142509+00
,,,,,,,302.48,,,,2026-01-07 11:06:26.836831+00,2026-01-07 11:14:22.585679+00,2025-01-30,2026-03-05 05:09:35.142509+00
628.01,311.97,510.45,353.04,292.76,326.14,362.88,,154.01,284.6,174.1,2026-01-07 11:06:26.836831+00,2026-01-07 11:14:22.585679+00,2025-01-31,2026-03-05 05:09:35.142509+00
620.17,309.06,503.06,348.3,288.87,323.51,358.8,298.8,153.92,282.63,170.07,2026-01-07 11:06:26.836831+00,2026-01-07 11:14:22.585679+00,2025-02-28,2026-03-05 05:09:35.142509+00
619.1,305.8,501.39,349.57,287.37,321.13,358.33,296.69,153.56,280.83,172.01,2026-01-07 11:06:26.836831+00,2026-01-07 11:14:22.585679+00,2025-03-31,2026-03-05 05:09:35.142509+00
610.99,298.35,488.47,346.52,282.88,315.7,353.64,289.89,152.45,275.74,172.34,2026-01-07 11:06:26.836831+00,2026-01-07 11:14:22.585679+00,2025-04-30,2026-03-05 05:09:35.142509+00
608.27,298.71,485.24,345.08,281.03,314.25,352.25,288.19,153.17,276.73,172.12,2026-01-07 11:06:26.836831+00,2026-01-07 11:14:22.585679+00,2025-05-31,2026-03-05 05:09:35.142509+00
601.57,298.34,489.25,339.43,279.3,311.58,348.8,286.76,151.88,273.61,170.55,2026-01-07 11:06:26.836831+00,2026-01-07 11:14:22.585679+00,2025-06-30,2026-03-05 05:09:35.142509+00
,,,,,310.52,,,,,,2026-01-07 11:06:26.836831+00,2026-01-07 11:14:22.585679+00,2025-07-30,2026-03-05 05:09:35.142509+00
600.34,293.64,488.2,340.58,276.27,,346.49,283.62,148.89,270.93,166.93,2026-01-07 11:06:26.836831+00,2026-01-07 11:14:22.585679+00,2025-07-31,2026-03-05 05:09:35.142509+00
596.33,296.38,491.42,341.72,274.61,309.27,345.33,282.52,146.53,272.72,169.22,2026-01-07 11:06:26.836831+00,2026-01-07 11:14:22.585679+00,2025-08-31,2026-03-05 05:09:35.142509+00
600.62,298.37,490.7,340.73,274.56,312.71,346.79,284.61,149.12,274.44,170.27,2026-01-07 11:06:26.836831+00,2026-01-07 11:14:22.585679+00,2025-09-30,2026-03-05 05:09:35.142509+00
602.7,301.22,496.19,345.09,275.72,315.43,348.4,286.47,151.3,277.62,168.59,2026-01-07 11:06:26.836831+00,2026-01-07 11:14:22.585679+00,2025-10-31,2026-03-05 05:09:35.142509+00
609.57,294.99,492.47,344.61,276.46,318.32,349.76,290.73,150.26,271.7,172.45,2026-01-07 11:06:26.836831+00,2026-01-07 11:14:22.585679+00,2025-11-30,2026-03-05 05:09:35.142509+00
606.98,294.63,492.78,345.04,276.1,319.49,349.69,289.9,151.13,270.04,175.23,2026-01-07 11:06:26.836831+00,2026-01-07 11:14:22.585679+00,2025-12-31,2026-03-05 05:09:35.142509+00
